{
    "correlation": 0.7147845107022642,
    "p_value": 2.1180781939062385e-22,
    "regression": {
        "slope": 3.261353814194894e-05,
        "intercept": 4.817300454901871,
        "r_squared": 0.5109168967398752
    },
    "sample_size": 135
}